Criterion,Test Accuracy
Gini,0.9535180692121057
Entropy,0.960413740263057
