Model,Mean AUC,Std AUC
Logistic Regression,0.9547108343995803,0.002257972789718738
Controlled Decision Tree,0.9796185410868441,0.0005761177976831884
Random Forest,0.9967130506716053,0.0005838507155042922
Gradient Boosting,0.995518061868575,0.0005768153714957849
