Model,Train Accuracy,Test Accuracy
Baseline Tree,1.0,0.9765036393819435
Controlled Tree,0.9572199342336303,0.9535180692121057
