Model,Train Accuracy,Test Accuracy,ROC-AUC
Gradient Boosting Classifier,0.973150719918271,0.9696079683309922,0.9954328385522759
