Model,MSE,R2
Linear Regression,226019.59598556373,0.9819409252827214
Ridge Regression,226011.0432026462,0.981941608654201
