Model,Precision,Recall,AUC
Logistic Regression (C=1.0),0.8661122661122661,0.9535362783245594,0.9531080604527011
Logistic Regression (C=0.01),0.8262678288431062,0.9546807049668117,0.9388610396312763
